target_ref,target_sha,week_start,category,category_label,commit_count,edited_lines
v0.2.2,2503743cf654606a5baa83c7b7e7c8b8e1e06596,2025-12-15,product_development,Product development,27,49011
v0.2.2,2503743cf654606a5baa83c7b7e7c8b8e1e06596,2025-12-15,fixes_hardening,Fixes & hardening,10,729
v0.2.2,2503743cf654606a5baa83c7b7e7c8b8e1e06596,2025-12-15,tests_qa,Tests & QA,0,0
v0.2.2,2503743cf654606a5baa83c7b7e7c8b8e1e06596,2025-12-15,documentation_examples,Documentation & examples,5,433
v0.2.2,2503743cf654606a5baa83c7b7e7c8b8e1e06596,2025-12-15,release_maintenance,Release & maintenance,2,1618
v0.2.2,2503743cf654606a5baa83c7b7e7c8b8e1e06596,2025-12-22,product_development,Product development,29,60208
v0.2.2,2503743cf654606a5baa83c7b7e7c8b8e1e06596,2025-12-22,fixes_hardening,Fixes & hardening,3,8156
v0.2.2,2503743cf654606a5baa83c7b7e7c8b8e1e06596,2025-12-22,tests_qa,Tests & QA,0,0
v0.2.2,2503743cf654606a5baa83c7b7e7c8b8e1e06596,2025-12-22,documentation_examples,Documentation & examples,1,110
v0.2.2,2503743cf654606a5baa83c7b7e7c8b8e1e06596,2025-12-22,release_maintenance,Release & maintenance,4,586
v0.2.2,2503743cf654606a5baa83c7b7e7c8b8e1e06596,2025-12-29,product_development,Product development,14,8077
v0.2.2,2503743cf654606a5baa83c7b7e7c8b8e1e06596,2025-12-29,fixes_hardening,Fixes & hardening,3,7108
v0.2.2,2503743cf654606a5baa83c7b7e7c8b8e1e06596,2025-12-29,tests_qa,Tests & QA,0,0
v0.2.2,2503743cf654606a5baa83c7b7e7c8b8e1e06596,2025-12-29,documentation_examples,Documentation & examples,3,637
v0.2.2,2503743cf654606a5baa83c7b7e7c8b8e1e06596,2025-12-29,release_maintenance,Release & maintenance,1,458
v0.2.2,2503743cf654606a5baa83c7b7e7c8b8e1e06596,2026-01-05,product_development,Product development,16,6208
v0.2.2,2503743cf654606a5baa83c7b7e7c8b8e1e06596,2026-01-05,fixes_hardening,Fixes & hardening,9,32442
v0.2.2,2503743cf654606a5baa83c7b7e7c8b8e1e06596,2026-01-05,tests_qa,Tests & QA,2,30
v0.2.2,2503743cf654606a5baa83c7b7e7c8b8e1e06596,2026-01-05,documentation_examples,Documentation & examples,0,0
v0.2.2,2503743cf654606a5baa83c7b7e7c8b8e1e06596,2026-01-05,release_maintenance,Release & maintenance,8,125
v0.2.2,2503743cf654606a5baa83c7b7e7c8b8e1e06596,2026-01-12,product_development,Product development,11,25490
v0.2.2,2503743cf654606a5baa83c7b7e7c8b8e1e06596,2026-01-12,fixes_hardening,Fixes & hardening,19,1409
v0.2.2,2503743cf654606a5baa83c7b7e7c8b8e1e06596,2026-01-12,tests_qa,Tests & QA,6,1731
v0.2.2,2503743cf654606a5baa83c7b7e7c8b8e1e06596,2026-01-12,documentation_examples,Documentation & examples,27,7233
v0.2.2,2503743cf654606a5baa83c7b7e7c8b8e1e06596,2026-01-12,release_maintenance,Release & maintenance,32,6507
v0.2.2,2503743cf654606a5baa83c7b7e7c8b8e1e06596,2026-01-19,product_development,Product development,22,23433
v0.2.2,2503743cf654606a5baa83c7b7e7c8b8e1e06596,2026-01-19,fixes_hardening,Fixes & hardening,19,3195
v0.2.2,2503743cf654606a5baa83c7b7e7c8b8e1e06596,2026-01-19,tests_qa,Tests & QA,8,1027
v0.2.2,2503743cf654606a5baa83c7b7e7c8b8e1e06596,2026-01-19,documentation_examples,Documentation & examples,63,38949
v0.2.2,2503743cf654606a5baa83c7b7e7c8b8e1e06596,2026-01-19,release_maintenance,Release & maintenance,26,7693
v0.2.2,2503743cf654606a5baa83c7b7e7c8b8e1e06596,2026-01-26,product_development,Product development,13,7608
v0.2.2,2503743cf654606a5baa83c7b7e7c8b8e1e06596,2026-01-26,fixes_hardening,Fixes & hardening,28,4834
v0.2.2,2503743cf654606a5baa83c7b7e7c8b8e1e06596,2026-01-26,tests_qa,Tests & QA,0,0
v0.2.2,2503743cf654606a5baa83c7b7e7c8b8e1e06596,2026-01-26,documentation_examples,Documentation & examples,68,57634
v0.2.2,2503743cf654606a5baa83c7b7e7c8b8e1e06596,2026-01-26,release_maintenance,Release & maintenance,17,4255
v0.2.2,2503743cf654606a5baa83c7b7e7c8b8e1e06596,2026-02-02,product_development,Product development,12,7464
v0.2.2,2503743cf654606a5baa83c7b7e7c8b8e1e06596,2026-02-02,fixes_hardening,Fixes & hardening,12,1138
v0.2.2,2503743cf654606a5baa83c7b7e7c8b8e1e06596,2026-02-02,tests_qa,Tests & QA,0,0
v0.2.2,2503743cf654606a5baa83c7b7e7c8b8e1e06596,2026-02-02,documentation_examples,Documentation & examples,25,4598
v0.2.2,2503743cf654606a5baa83c7b7e7c8b8e1e06596,2026-02-02,release_maintenance,Release & maintenance,17,3254
v0.2.2,2503743cf654606a5baa83c7b7e7c8b8e1e06596,2026-02-09,product_development,Product development,0,0
v0.2.2,2503743cf654606a5baa83c7b7e7c8b8e1e06596,2026-02-09,fixes_hardening,Fixes & hardening,1,0
v0.2.2,2503743cf654606a5baa83c7b7e7c8b8e1e06596,2026-02-09,tests_qa,Tests & QA,0,0
v0.2.2,2503743cf654606a5baa83c7b7e7c8b8e1e06596,2026-02-09,documentation_examples,Documentation & examples,34,7359
v0.2.2,2503743cf654606a5baa83c7b7e7c8b8e1e06596,2026-02-09,release_maintenance,Release & maintenance,6,165
v0.2.2,2503743cf654606a5baa83c7b7e7c8b8e1e06596,2026-02-16,product_development,Product development,0,0
v0.2.2,2503743cf654606a5baa83c7b7e7c8b8e1e06596,2026-02-16,fixes_hardening,Fixes & hardening,0,0
v0.2.2,2503743cf654606a5baa83c7b7e7c8b8e1e06596,2026-02-16,tests_qa,Tests & QA,0,0
v0.2.2,2503743cf654606a5baa83c7b7e7c8b8e1e06596,2026-02-16,documentation_examples,Documentation & examples,0,0
v0.2.2,2503743cf654606a5baa83c7b7e7c8b8e1e06596,2026-02-16,release_maintenance,Release & maintenance,0,0
v0.2.2,2503743cf654606a5baa83c7b7e7c8b8e1e06596,2026-02-23,product_development,Product development,1,688
v0.2.2,2503743cf654606a5baa83c7b7e7c8b8e1e06596,2026-02-23,fixes_hardening,Fixes & hardening,9,295
v0.2.2,2503743cf654606a5baa83c7b7e7c8b8e1e06596,2026-02-23,tests_qa,Tests & QA,1,438
v0.2.2,2503743cf654606a5baa83c7b7e7c8b8e1e06596,2026-02-23,documentation_examples,Documentation & examples,12,1564
v0.2.2,2503743cf654606a5baa83c7b7e7c8b8e1e06596,2026-02-23,release_maintenance,Release & maintenance,11,383
v0.2.2,2503743cf654606a5baa83c7b7e7c8b8e1e06596,2026-03-02,product_development,Product development,15,13308
v0.2.2,2503743cf654606a5baa83c7b7e7c8b8e1e06596,2026-03-02,fixes_hardening,Fixes & hardening,9,470
v0.2.2,2503743cf654606a5baa83c7b7e7c8b8e1e06596,2026-03-02,tests_qa,Tests & QA,1,80
v0.2.2,2503743cf654606a5baa83c7b7e7c8b8e1e06596,2026-03-02,documentation_examples,Documentation & examples,6,1438
v0.2.2,2503743cf654606a5baa83c7b7e7c8b8e1e06596,2026-03-02,release_maintenance,Release & maintenance,3,585
v0.2.2,2503743cf654606a5baa83c7b7e7c8b8e1e06596,2026-03-09,product_development,Product development,15,5323
v0.2.2,2503743cf654606a5baa83c7b7e7c8b8e1e06596,2026-03-09,fixes_hardening,Fixes & hardening,11,2375
v0.2.2,2503743cf654606a5baa83c7b7e7c8b8e1e06596,2026-03-09,tests_qa,Tests & QA,5,1073
v0.2.2,2503743cf654606a5baa83c7b7e7c8b8e1e06596,2026-03-09,documentation_examples,Documentation & examples,7,3157
v0.2.2,2503743cf654606a5baa83c7b7e7c8b8e1e06596,2026-03-09,release_maintenance,Release & maintenance,7,365
v0.2.2,2503743cf654606a5baa83c7b7e7c8b8e1e06596,2026-03-16,product_development,Product development,4,582
v0.2.2,2503743cf654606a5baa83c7b7e7c8b8e1e06596,2026-03-16,fixes_hardening,Fixes & hardening,1,4
v0.2.2,2503743cf654606a5baa83c7b7e7c8b8e1e06596,2026-03-16,tests_qa,Tests & QA,2,37
v0.2.2,2503743cf654606a5baa83c7b7e7c8b8e1e06596,2026-03-16,documentation_examples,Documentation & examples,2,409
v0.2.2,2503743cf654606a5baa83c7b7e7c8b8e1e06596,2026-03-16,release_maintenance,Release & maintenance,0,0
v0.2.2,2503743cf654606a5baa83c7b7e7c8b8e1e06596,2026-03-23,product_development,Product development,15,25760
v0.2.2,2503743cf654606a5baa83c7b7e7c8b8e1e06596,2026-03-23,fixes_hardening,Fixes & hardening,11,1832
v0.2.2,2503743cf654606a5baa83c7b7e7c8b8e1e06596,2026-03-23,tests_qa,Tests & QA,78,22185
v0.2.2,2503743cf654606a5baa83c7b7e7c8b8e1e06596,2026-03-23,documentation_examples,Documentation & examples,27,4763
v0.2.2,2503743cf654606a5baa83c7b7e7c8b8e1e06596,2026-03-23,release_maintenance,Release & maintenance,3,44
v0.2.2,2503743cf654606a5baa83c7b7e7c8b8e1e06596,2026-03-30,product_development,Product development,19,13245
v0.2.2,2503743cf654606a5baa83c7b7e7c8b8e1e06596,2026-03-30,fixes_hardening,Fixes & hardening,20,5843
v0.2.2,2503743cf654606a5baa83c7b7e7c8b8e1e06596,2026-03-30,tests_qa,Tests & QA,3,971
v0.2.2,2503743cf654606a5baa83c7b7e7c8b8e1e06596,2026-03-30,documentation_examples,Documentation & examples,26,8173
v0.2.2,2503743cf654606a5baa83c7b7e7c8b8e1e06596,2026-03-30,release_maintenance,Release & maintenance,7,3287
v0.2.2,2503743cf654606a5baa83c7b7e7c8b8e1e06596,2026-04-06,product_development,Product development,5,700
v0.2.2,2503743cf654606a5baa83c7b7e7c8b8e1e06596,2026-04-06,fixes_hardening,Fixes & hardening,21,4404
v0.2.2,2503743cf654606a5baa83c7b7e7c8b8e1e06596,2026-04-06,tests_qa,Tests & QA,0,0
v0.2.2,2503743cf654606a5baa83c7b7e7c8b8e1e06596,2026-04-06,documentation_examples,Documentation & examples,55,16529
v0.2.2,2503743cf654606a5baa83c7b7e7c8b8e1e06596,2026-04-06,release_maintenance,Release & maintenance,16,4027
v0.2.2,2503743cf654606a5baa83c7b7e7c8b8e1e06596,2026-04-13,product_development,Product development,1,46
v0.2.2,2503743cf654606a5baa83c7b7e7c8b8e1e06596,2026-04-13,fixes_hardening,Fixes & hardening,34,1062
v0.2.2,2503743cf654606a5baa83c7b7e7c8b8e1e06596,2026-04-13,tests_qa,Tests & QA,1,9
v0.2.2,2503743cf654606a5baa83c7b7e7c8b8e1e06596,2026-04-13,documentation_examples,Documentation & examples,52,25748
v0.2.2,2503743cf654606a5baa83c7b7e7c8b8e1e06596,2026-04-13,release_maintenance,Release & maintenance,8,2323
v0.2.2,2503743cf654606a5baa83c7b7e7c8b8e1e06596,2026-04-20,product_development,Product development,9,3377
v0.2.2,2503743cf654606a5baa83c7b7e7c8b8e1e06596,2026-04-20,fixes_hardening,Fixes & hardening,11,6127
v0.2.2,2503743cf654606a5baa83c7b7e7c8b8e1e06596,2026-04-20,tests_qa,Tests & QA,3,466
v0.2.2,2503743cf654606a5baa83c7b7e7c8b8e1e06596,2026-04-20,documentation_examples,Documentation & examples,24,9518
v0.2.2,2503743cf654606a5baa83c7b7e7c8b8e1e06596,2026-04-20,release_maintenance,Release & maintenance,20,2266
v0.2.2,2503743cf654606a5baa83c7b7e7c8b8e1e06596,2026-04-27,product_development,Product development,20,7681
v0.2.2,2503743cf654606a5baa83c7b7e7c8b8e1e06596,2026-04-27,fixes_hardening,Fixes & hardening,9,3783
v0.2.2,2503743cf654606a5baa83c7b7e7c8b8e1e06596,2026-04-27,tests_qa,Tests & QA,9,2370
v0.2.2,2503743cf654606a5baa83c7b7e7c8b8e1e06596,2026-04-27,documentation_examples,Documentation & examples,14,1832
v0.2.2,2503743cf654606a5baa83c7b7e7c8b8e1e06596,2026-04-27,release_maintenance,Release & maintenance,8,2408
v0.2.2,2503743cf654606a5baa83c7b7e7c8b8e1e06596,2026-05-04,product_development,Product development,0,0
v0.2.2,2503743cf654606a5baa83c7b7e7c8b8e1e06596,2026-05-04,fixes_hardening,Fixes & hardening,12,1983
v0.2.2,2503743cf654606a5baa83c7b7e7c8b8e1e06596,2026-05-04,tests_qa,Tests & QA,1,283
v0.2.2,2503743cf654606a5baa83c7b7e7c8b8e1e06596,2026-05-04,documentation_examples,Documentation & examples,7,324
v0.2.2,2503743cf654606a5baa83c7b7e7c8b8e1e06596,2026-05-04,release_maintenance,Release & maintenance,1,36
v0.2.2,2503743cf654606a5baa83c7b7e7c8b8e1e06596,2026-05-11,product_development,Product development,0,0
v0.2.2,2503743cf654606a5baa83c7b7e7c8b8e1e06596,2026-05-11,fixes_hardening,Fixes & hardening,5,2080
v0.2.2,2503743cf654606a5baa83c7b7e7c8b8e1e06596,2026-05-11,tests_qa,Tests & QA,1,4
v0.2.2,2503743cf654606a5baa83c7b7e7c8b8e1e06596,2026-05-11,documentation_examples,Documentation & examples,4,140
v0.2.2,2503743cf654606a5baa83c7b7e7c8b8e1e06596,2026-05-11,release_maintenance,Release & maintenance,1,42
v0.2.2,2503743cf654606a5baa83c7b7e7c8b8e1e06596,2026-05-18,product_development,Product development,0,0
v0.2.2,2503743cf654606a5baa83c7b7e7c8b8e1e06596,2026-05-18,fixes_hardening,Fixes & hardening,1,13
v0.2.2,2503743cf654606a5baa83c7b7e7c8b8e1e06596,2026-05-18,tests_qa,Tests & QA,4,2083
v0.2.2,2503743cf654606a5baa83c7b7e7c8b8e1e06596,2026-05-18,documentation_examples,Documentation & examples,2,1482
v0.2.2,2503743cf654606a5baa83c7b7e7c8b8e1e06596,2026-05-18,release_maintenance,Release & maintenance,3,36
v0.2.2,2503743cf654606a5baa83c7b7e7c8b8e1e06596,2026-05-25,product_development,Product development,0,0
v0.2.2,2503743cf654606a5baa83c7b7e7c8b8e1e06596,2026-05-25,fixes_hardening,Fixes & hardening,0,0
v0.2.2,2503743cf654606a5baa83c7b7e7c8b8e1e06596,2026-05-25,tests_qa,Tests & QA,0,0
v0.2.2,2503743cf654606a5baa83c7b7e7c8b8e1e06596,2026-05-25,documentation_examples,Documentation & examples,0,0
v0.2.2,2503743cf654606a5baa83c7b7e7c8b8e1e06596,2026-05-25,release_maintenance,Release & maintenance,0,0
v0.2.2,2503743cf654606a5baa83c7b7e7c8b8e1e06596,2026-06-01,product_development,Product development,0,0
v0.2.2,2503743cf654606a5baa83c7b7e7c8b8e1e06596,2026-06-01,fixes_hardening,Fixes & hardening,0,0
v0.2.2,2503743cf654606a5baa83c7b7e7c8b8e1e06596,2026-06-01,tests_qa,Tests & QA,0,0
v0.2.2,2503743cf654606a5baa83c7b7e7c8b8e1e06596,2026-06-01,documentation_examples,Documentation & examples,0,0
v0.2.2,2503743cf654606a5baa83c7b7e7c8b8e1e06596,2026-06-01,release_maintenance,Release & maintenance,0,0
v0.2.2,2503743cf654606a5baa83c7b7e7c8b8e1e06596,2026-06-08,product_development,Product development,1,508
v0.2.2,2503743cf654606a5baa83c7b7e7c8b8e1e06596,2026-06-08,fixes_hardening,Fixes & hardening,10,1869
v0.2.2,2503743cf654606a5baa83c7b7e7c8b8e1e06596,2026-06-08,tests_qa,Tests & QA,2,362
v0.2.2,2503743cf654606a5baa83c7b7e7c8b8e1e06596,2026-06-08,documentation_examples,Documentation & examples,1,32
v0.2.2,2503743cf654606a5baa83c7b7e7c8b8e1e06596,2026-06-08,release_maintenance,Release & maintenance,3,172
v0.2.2,2503743cf654606a5baa83c7b7e7c8b8e1e06596,2026-06-15,product_development,Product development,1,386
v0.2.2,2503743cf654606a5baa83c7b7e7c8b8e1e06596,2026-06-15,fixes_hardening,Fixes & hardening,0,0
v0.2.2,2503743cf654606a5baa83c7b7e7c8b8e1e06596,2026-06-15,tests_qa,Tests & QA,0,0
v0.2.2,2503743cf654606a5baa83c7b7e7c8b8e1e06596,2026-06-15,documentation_examples,Documentation & examples,1,1293
v0.2.2,2503743cf654606a5baa83c7b7e7c8b8e1e06596,2026-06-15,release_maintenance,Release & maintenance,1,223
v0.2.2,2503743cf654606a5baa83c7b7e7c8b8e1e06596,2026-06-22,product_development,Product development,0,0
v0.2.2,2503743cf654606a5baa83c7b7e7c8b8e1e06596,2026-06-22,fixes_hardening,Fixes & hardening,7,1622
v0.2.2,2503743cf654606a5baa83c7b7e7c8b8e1e06596,2026-06-22,tests_qa,Tests & QA,0,0
v0.2.2,2503743cf654606a5baa83c7b7e7c8b8e1e06596,2026-06-22,documentation_examples,Documentation & examples,10,6842
v0.2.2,2503743cf654606a5baa83c7b7e7c8b8e1e06596,2026-06-22,release_maintenance,Release & maintenance,2,128
v0.2.2,2503743cf654606a5baa83c7b7e7c8b8e1e06596,2026-06-29,product_development,Product development,0,0
v0.2.2,2503743cf654606a5baa83c7b7e7c8b8e1e06596,2026-06-29,fixes_hardening,Fixes & hardening,4,2865
v0.2.2,2503743cf654606a5baa83c7b7e7c8b8e1e06596,2026-06-29,tests_qa,Tests & QA,0,0
v0.2.2,2503743cf654606a5baa83c7b7e7c8b8e1e06596,2026-06-29,documentation_examples,Documentation & examples,30,897
v0.2.2,2503743cf654606a5baa83c7b7e7c8b8e1e06596,2026-06-29,release_maintenance,Release & maintenance,7,11609
v0.2.2,2503743cf654606a5baa83c7b7e7c8b8e1e06596,2026-07-06,product_development,Product development,1,416
v0.2.2,2503743cf654606a5baa83c7b7e7c8b8e1e06596,2026-07-06,fixes_hardening,Fixes & hardening,10,1421
v0.2.2,2503743cf654606a5baa83c7b7e7c8b8e1e06596,2026-07-06,tests_qa,Tests & QA,2,49
v0.2.2,2503743cf654606a5baa83c7b7e7c8b8e1e06596,2026-07-06,documentation_examples,Documentation & examples,6,336
v0.2.2,2503743cf654606a5baa83c7b7e7c8b8e1e06596,2026-07-06,release_maintenance,Release & maintenance,3,82
v0.2.2,2503743cf654606a5baa83c7b7e7c8b8e1e06596,2026-07-13,product_development,Product development,0,0
v0.2.2,2503743cf654606a5baa83c7b7e7c8b8e1e06596,2026-07-13,fixes_hardening,Fixes & hardening,4,292
v0.2.2,2503743cf654606a5baa83c7b7e7c8b8e1e06596,2026-07-13,tests_qa,Tests & QA,1,2
v0.2.2,2503743cf654606a5baa83c7b7e7c8b8e1e06596,2026-07-13,documentation_examples,Documentation & examples,6,1098
v0.2.2,2503743cf654606a5baa83c7b7e7c8b8e1e06596,2026-07-13,release_maintenance,Release & maintenance,3,111
v0.2.2,2503743cf654606a5baa83c7b7e7c8b8e1e06596,2026-07-20,product_development,Product development,1,608
v0.2.2,2503743cf654606a5baa83c7b7e7c8b8e1e06596,2026-07-20,fixes_hardening,Fixes & hardening,4,1538
v0.2.2,2503743cf654606a5baa83c7b7e7c8b8e1e06596,2026-07-20,tests_qa,Tests & QA,0,0
v0.2.2,2503743cf654606a5baa83c7b7e7c8b8e1e06596,2026-07-20,documentation_examples,Documentation & examples,2,65
v0.2.2,2503743cf654606a5baa83c7b7e7c8b8e1e06596,2026-07-20,release_maintenance,Release & maintenance,3,279
v0.2.2,2503743cf654606a5baa83c7b7e7c8b8e1e06596,2026-07-27,product_development,Product development,1,547
v0.2.2,2503743cf654606a5baa83c7b7e7c8b8e1e06596,2026-07-27,fixes_hardening,Fixes & hardening,6,965
v0.2.2,2503743cf654606a5baa83c7b7e7c8b8e1e06596,2026-07-27,tests_qa,Tests & QA,1,138
v0.2.2,2503743cf654606a5baa83c7b7e7c8b8e1e06596,2026-07-27,documentation_examples,Documentation & examples,7,4847
v0.2.2,2503743cf654606a5baa83c7b7e7c8b8e1e06596,2026-07-27,release_maintenance,Release & maintenance,3,1055
v0.2.2,2503743cf654606a5baa83c7b7e7c8b8e1e06596,2026-08-03,product_development,Product development,0,0
v0.2.2,2503743cf654606a5baa83c7b7e7c8b8e1e06596,2026-08-03,fixes_hardening,Fixes & hardening,28,12896
v0.2.2,2503743cf654606a5baa83c7b7e7c8b8e1e06596,2026-08-03,tests_qa,Tests & QA,6,352
v0.2.2,2503743cf654606a5baa83c7b7e7c8b8e1e06596,2026-08-03,documentation_examples,Documentation & examples,15,2321
v0.2.2,2503743cf654606a5baa83c7b7e7c8b8e1e06596,2026-08-03,release_maintenance,Release & maintenance,9,11980
v0.2.2,2503743cf654606a5baa83c7b7e7c8b8e1e06596,2026-08-10,product_development,Product development,2,1565
v0.2.2,2503743cf654606a5baa83c7b7e7c8b8e1e06596,2026-08-10,fixes_hardening,Fixes & hardening,24,2915
v0.2.2,2503743cf654606a5baa83c7b7e7c8b8e1e06596,2026-08-10,tests_qa,Tests & QA,2,12
v0.2.2,2503743cf654606a5baa83c7b7e7c8b8e1e06596,2026-08-10,documentation_examples,Documentation & examples,15,2896
v0.2.2,2503743cf654606a5baa83c7b7e7c8b8e1e06596,2026-08-10,release_maintenance,Release & maintenance,3,329
v0.2.2,2503743cf654606a5baa83c7b7e7c8b8e1e06596,2026-08-17,product_development,Product development,0,0
v0.2.2,2503743cf654606a5baa83c7b7e7c8b8e1e06596,2026-08-17,fixes_hardening,Fixes & hardening,0,0
v0.2.2,2503743cf654606a5baa83c7b7e7c8b8e1e06596,2026-08-17,tests_qa,Tests & QA,0,0
v0.2.2,2503743cf654606a5baa83c7b7e7c8b8e1e06596,2026-08-17,documentation_examples,Documentation & examples,0,0
v0.2.2,2503743cf654606a5baa83c7b7e7c8b8e1e06596,2026-08-17,release_maintenance,Release & maintenance,0,0
v0.2.2,2503743cf654606a5baa83c7b7e7c8b8e1e06596,2026-08-24,product_development,Product development,12,12494
v0.2.2,2503743cf654606a5baa83c7b7e7c8b8e1e06596,2026-08-24,fixes_hardening,Fixes & hardening,92,27467
v0.2.2,2503743cf654606a5baa83c7b7e7c8b8e1e06596,2026-08-24,tests_qa,Tests & QA,26,6356
v0.2.2,2503743cf654606a5baa83c7b7e7c8b8e1e06596,2026-08-24,documentation_examples,Documentation & examples,63,14854
v0.2.2,2503743cf654606a5baa83c7b7e7c8b8e1e06596,2026-08-24,release_maintenance,Release & maintenance,5,2098
v0.2.2,2503743cf654606a5baa83c7b7e7c8b8e1e06596,2026-08-31,product_development,Product development,0,0
v0.2.2,2503743cf654606a5baa83c7b7e7c8b8e1e06596,2026-08-31,fixes_hardening,Fixes & hardening,3,1550
v0.2.2,2503743cf654606a5baa83c7b7e7c8b8e1e06596,2026-08-31,tests_qa,Tests & QA,3,106
v0.2.2,2503743cf654606a5baa83c7b7e7c8b8e1e06596,2026-08-31,documentation_examples,Documentation & examples,5,707
v0.2.2,2503743cf654606a5baa83c7b7e7c8b8e1e06596,2026-08-31,release_maintenance,Release & maintenance,2,59
